{
  "id": "/subscriptions/14277f49-2004-41b1-91fe-70b4768798a5/resourceGroups/WAResourceGroup01/providers/Microsoft.Resources/deployments/TextAnalyticsCreate-20241006123314",
  "name": "TextAnalyticsCreate-20241006123314",
  "type": "Microsoft.Resources/deployments",
  "properties": {
    "templateHash": "18035328204179154782",
    "parameters": {
      "storageEnabled": {
        "type": "Bool",
        "value": false
      },
      "searchEnabled": {
        "type": "Bool",
        "value": false
      },
      "azureSearchLocation": {
        "type": "String",
        "value": ""
      },
      "azureSearchSku": {
        "type": "String",
        "value": ""
      },
      "searchHostingMode": {
        "type": "String",
        "value": ""
      },
      "storageResourceName": {
        "type": "String",
        "value": ""
      },
      "storageLocation": {
        "type": "String",
        "value": "westus2"
      },
      "storageSkuType": {
        "type": "String",
        "value": ""
      },
      "storageResourceGroupName": {
        "type": "String",
        "value": "WAResourceGroup01"
      },
      "storageNewOrExisting": {
        "type": "String",
        "value": ""
      },
      "umiId": {
        "type": "String",
        "value": ""
      },
      "name": {
        "type": "String",
        "value": "WUS2-ComputeVM01"
      },
      "location": {
        "type": "String",
        "value": "westus2"
      },
      "resourceGroupName": {
        "type": "String",
        "value": "WAResourceGroup01"
      },
      "resourceGroupId": {
        "type": "String",
        "value": "/subscriptions/14277f49-2004-41b1-91fe-70b4768798a5/resourceGroups/WAResourceGroup01"
      },
      "sku": {
        "type": "String",
        "value": "F0"
      },
      "tagValues": {
        "type": "Object",
        "value": {}
      },
      "virtualNetworkType": {
        "type": "String",
        "value": "None"
      },
      "vnet": {
        "type": "Object",
        "value": {}
      },
      "ipRules": {
        "type": "Array",
        "value": []
      },
      "identity": {
        "type": "Object",
        "value": {
          "type": "SystemAssigned"
        }
      },
      "privateEndpoints": {
        "type": "Array",
        "value": []
      },
      "privateDnsZone": {
        "type": "String",
        "value": "[$item.privateDnsZoneConfiguration.integrateWithPrivateDnsZone]"
      },
      "isCommitmentPlanForDisconnectedContainerEnabled": {
        "type": "Bool",
        "value": false
      },
      "commitmentPlanForDisconnectedContainer": {
        "type": "Object",
        "value": {
          "current": {},
          "hostingModel": "DisconnectedContainer",
          "planType": "TA",
          "autoRenew": true
        }
      },
      "isCommitmentPlanForSummarizationEnabled": {
        "type": "Bool",
        "value": false
      },
      "commitmentPlanForSummarization": {
        "type": "Object",
        "value": {
          "current": {},
          "hostingModel": "DisconnectedContainer",
          "planType": "Summarization",
          "autoRenew": true
        }
      },
      "uniqueId": {
        "type": "String",
        "value": "67d73f66-fcdd-4358-a726-be3442201ba9"
      }
    },
    "mode": "Incremental",
    "debugSetting": {
      "detailLevel": "None"
    },
    "provisioningState": "Succeeded",
    "timestamp": "2024-10-06T07:46:51.4756884Z",
    "duration": "PT46.6622502S",
    "correlationId": "4d0a43f4-b793-440d-b3ef-470f879fbb46",
    "providers": [
      {
        "namespace": "Microsoft.CognitiveServices",
        "resourceTypes": [
          {
            "resourceType": "accounts",
            "locations": [
              "westus2"
            ]
          }
        ]
      }
    ],
    "dependencies": [],
    "outputResources": [
      {
        "id": "/subscriptions/14277f49-2004-41b1-91fe-70b4768798a5/resourceGroups/WAResourceGroup01/providers/Microsoft.CognitiveServices/accounts/WUS2-ComputeVM01"
      }
    ],
    "validationLevel": "Template"
  },
  "tags": {}
}