[
  {
    "id": "/subscriptions/14277f49-2004-41b1-91fe-70b4768798a5/resourceGroups/WAResourceGroup01/providers/Microsoft.Resources/deployments/TextAnalyticsCreate-20241006123314/operations/57F8536D826ED954",
    "operationId": "57F8536D826ED954",
    "properties": {
      "provisioningOperation": "Read",
      "provisioningState": "Succeeded",
      "timestamp": "2024-10-06T07:46:51.3795279Z",
      "duration": "PT42.4349242S",
      "trackingId": "e0c3b83b-ecc9-4f9b-8e25-568ba98d2921",
      "statusCode": "OK",
      "targetResource": {
        "id": "/subscriptions/14277f49-2004-41b1-91fe-70b4768798a5/resourceGroups/WAResourceGroup01/providers/Microsoft.CognitiveServices/accounts/WUS2-ComputeVM01",
        "resourceType": "Microsoft.CognitiveServices/accounts",
        "resourceName": "WUS2-ComputeVM01",
        "apiVersion": "2022-03-01"
      }
    }
  },
  {
    "id": "/subscriptions/14277f49-2004-41b1-91fe-70b4768798a5/resourceGroups/WAResourceGroup01/providers/Microsoft.Resources/deployments/TextAnalyticsCreate-20241006123314/operations/2B3F9ED116FA4CD9",
    "operationId": "2B3F9ED116FA4CD9",
    "properties": {
      "provisioningOperation": "Create",
      "provisioningState": "Succeeded",
      "timestamp": "2024-10-06T07:46:51.3051902Z",
      "duration": "PT42.3605865S",
      "trackingId": "1f65802f-5d1c-43a5-836e-7a3658e84b7d",
      "statusCode": "OK",
      "targetResource": {
        "id": "/subscriptions/14277f49-2004-41b1-91fe-70b4768798a5/resourceGroups/WAResourceGroup01/providers/Microsoft.CognitiveServices/accounts/WUS2-ComputeVM01",
        "resourceType": "Microsoft.CognitiveServices/accounts",
        "resourceName": "WUS2-ComputeVM01"
      }
    }
  },
  {
    "id": "/subscriptions/14277f49-2004-41b1-91fe-70b4768798a5/resourceGroups/WAResourceGroup01/providers/Microsoft.Resources/deployments/TextAnalyticsCreate-20241006123314/operations/08584734061225025406",
    "operationId": "08584734061225025406",
    "properties": {
      "provisioningOperation": "EvaluateDeploymentOutput",
      "provisioningState": "Succeeded",
      "timestamp": "2024-10-06T07:46:51.4609109Z",
      "duration": "PT42.5163072S",
      "trackingId": "4aecaf4e-50df-4faf-b6b1-262afd216ebe",
      "statusCode": "OK"
    }
  }
]